Provincia,Canton,Distrito,Población de 15 años y más,Tasa neta de participación,Tasa de ocupación,Tasa de desempleo abierto,Porcentaje de población económicamente inactiva,Relación de dependencia económica,Pctg Ocup Sector Prim,Pctg Ocup Sector Sec,Pctg Ocup Sector Ter
San Jose,San Jose,Carmen           , 2 431,56.3,54.8,2.7,43.7,1,1.6,8.7,89.7
San Jose,San Jose,Merced         , 9 655,59.2,57,3.8,40.8,1.1,0.8,18.3,80.9
San Jose,San Jose,Hospital          , 15 096,56.4,53.9,4.4,43.6,1.3,0.5,18.6,80.9
San Jose,San Jose,Catedral          , 10 742,59,57,3.4,41,1,0.5,14.6,84.9
San Jose,San Jose,Zapote          , 15 545,55.7,54,2.9,44.3,1.2,0.6,13.7,85.6
San Jose,San Jose,San Francisco de Dos Ríos, 16 895,57.4,56.1,2.3,42.6,1.1,0.5,13,86.5
San Jose,San Jose,Uruca            , 22 717,59,56.6,4,41,1.4,1,29.1,69.9
San Jose,San Jose,Mata Redonda      , 7 077,54,52.2,3.4,46,1.2,1.1,11.7,87.1
San Jose,San Jose,Pavas            , 54 510,56.3,53.9,4.2,43.7,1.3,0.7,23.8,75.5
San Jose,San Jose,Hatillo           , 39 555,54.7,52.2,4.6,45.3,1.3,0.5,16.4,83.2
San Jose,San Jose,San Sebastián     , 31 633,57.5,55.1,4.1,42.5,1.2,0.5,16.1,83.4
San Jose,Escazu          ,Escazú            , 9 580,58.7,56.7,3.4,41.3,1.1,1.6,15.7,82.7
San Jose,Escazu           ,San Antonio       , 17 544,60.6,58.7,3,39.4,1.1,3.8,18.6,77.6
San Jose,Escazu            ,San Rafael        , 17 673,61.9,60.2,2.9,38.1,1,1.8,15.4,82.8
San Jose,Desamparados,Desamparados      , 26 951,59.3,56.4,4.8,40.7,1.1,0.5,15,84.5
San Jose,Desamparados,San Miguel        , 24 071,57.1,54.9,3.9,42.9,1.3,1.6,20.2,78.2
San Jose,Desamparados,San Juan de Dios  , 14 462,56.7,54.7,3.6,43.3,1.4,0.7,22.6,76.7
San Jose,Desamparados,San Rafael Arriba , 11 832,56.1,54,3.8,43.9,1.3,0.8,20.3,78.9
San Jose,Desamparados,San Antonio       , 7 928,58.8,57.1,2.9,41.2,1.1,0.8,14.9,84.2
San Jose,Desamparados,Frailes           , 2 844,50.7,48.6,4.2,49.3,1.6,40.4,17,42.6
San Jose,Desamparados,Patarrá          , 8 817,55.6,53.5,3.8,44.4,1.4,2.5,25.7,71.9
San Jose,Desamparados,San Cristóbal     , 2 839,51.8,50.7,2.3,48.2,1.7,24.2,37.4,38.4
San Jose,Desamparados,Rosario           , 2 281,54.9,53.8,2,45.1,1.5,22.8,15.4,61.8
San Jose,Desamparados,Damas            , 10 201,58.5,56.9,2.7,41.5,1.2,0.5,19.2,80.3
San Jose,Desamparados,San Rafael Abajo  , 17 822,59.7,57.6,3.5,40.3,1.2,0.5,20.4,79.1
San Jose,Desamparados,Gravilias         , 12 360,57.7,55.6,3.6,42.3,1.1,0.5,12.3,87.2
San Jose,Desamparados,Los Guido, 16 884,51.8,48.5,6.4,48.2,1.8,0.9,26,73.1
San Jose,Puriscal,Puriscal, 25 774,50.7,49.1,3.1,49.3,1.5,15.8,14.4,69.8
San Jose,Puriscal,Santiago          , 9 122,54.1,52.6,2.7,45.9,1.3,6,13.5,80.5
San Jose,Puriscal,Mercedes Sur      , 4 562,50.3,48.9,2.7,49.7,1.6,20.1,16.7,63.3
San Jose,Puriscal,Barbacoas         , 2 838,49.4,47.8,3.1,50.6,1.6,14.1,18,67.9
San Jose,Puriscal,Grifo Alto        ,922,44.6,43.2,3.2,55.4,1.9,33.2,13.3,53.5
San Jose,Puriscal,San Rafael        , 1 409,46.1,44.8,2.8,53.9,1.7,13.3,13.8,72.9
San Jose,Puriscal,Candelarita       , 1 112,43.3,42.4,1.9,56.7,2,37.3,9.5,53.2
San Jose,Puriscal,Desamparaditos    ,542,49.3,48.7,1.1,50.7,1.5,8.3,17,74.6
San Jose,Puriscal,San Antonio       , 2 978,54.1,51.8,4.2,45.9,1.4,8.5,17.5,74
San Jose,Puriscal,Chires            , 2 289,44,41.8,5.1,56,2,54.9,6.3,38.9
San Jose,Tarrazú,San Marcos        , 7 427,51.3,49.7,3.2,48.7,1.6,27.9,12.3,59.8
San Jose,Tarrazú,San Lorenzo       , 3 116,51.5,50.2,2.5,48.5,1.7,61,6.6,32.5
San Jose,Tarrazú,San Carlos        , 1 257,49.2,48.7,1.1,50.8,2.1,71.2,8.5,20.3
San Jose,Aserrí,Aserrí            , 21 291,56.6,54.6,3.4,43.4,1.3,1.6,19.8,78.6
San Jose,Aserrí,Tarbaca     , 1 096,53.5,51.2,4.3,46.5,1.5,20.5,16.6,62.9
San Jose,Aserrí,Vuelta de Jorco   , 4 956,49.5,48,3,50.5,1.7,22.4,13.2,64.4
San Jose,Aserrí,San Gabriel       , 4 521,49.9,48.7,2.3,50.1,1.7,13.5,16.1,70.4
San Jose,Aserrí,Legua           , 1 063,45.2,43.9,2.7,54.8,2.2,52.5,8.8,38.8
San Jose,Aserrí,Monterrey         ,362,47,45.6,2.9,53,1.9,55.2,10.9,33.9
San Jose,Aserrí,Salitrillos       , 10 107,55.9,54,3.3,44.1,1.4,3.6,22.3,74.1
San Jose,Mora,Colón            , 12 642,58.6,56.7,3.2,41.4,1.2,4.6,15.6,79.8
San Jose,Mora,Guayabo           , 3 381,53.6,52.2,2.5,46.4,1.5,8.8,20.2,71.1
San Jose,Mora,Tabarcia          , 3 561,48.1,46.1,4.1,51.9,1.7,17.7,15.2,67.1
San Jose,Mora,Piedras Negras    ,288,39.9,38.5,3.5,60.1,2.3,58.6,3.6,37.8
San Jose,Mora,Picagres          ,542,40.6,39.7,2.3,59.4,2.1,28.8,11.6,59.5
San Jose,Goicoechea,Guadalupe         , 17 467,55,53.2,3.2,45,1.2,0.5,13.4,86.1
San Jose,Goicoechea,San Francisco     , 1 684,55.2,52.7,4.4,44.8,1.2,1.1,17.5,81.4
San Jose,Goicoechea,Calle Blancos     , 15 370,59.1,56.9,3.8,40.9,1.1,0.5,16.3,83.1
San Jose,Goicoechea,Mata de Plátano   , 13 808,61.1,59.4,2.8,38.9,1.1,1.2,15.6,83.3
San Jose,Goicoechea,Ipís             , 20 253,57.4,55.4,3.5,42.6,1.2,0.5,17.2,82.3
San Jose,Goicoechea,Rancho Redondo    , 1 903,55.6,52.9,4.9,44.4,1.4,19.9,19.4,60.8
San Jose,Goicoechea,Purral            , 20 052,53.2,50.6,4.8,46.8,1.6,0.6,19.9,79.5
San Jose,Santa Ana         ,Santa Ana         , 9 075,62.8,61.5,2,37.2,1,2.3,17.1,80.6
San Jose,Santa Ana         ,Salitral          , 3 171,61.3,59.9,2.3,38.7,1.2,9.3,19.9,70.8
San Jose,Santa Ana         ,Pozos   , 11 893,63.8,62.1,2.5,36.2,1.1,2.3,17.2,80.5
San Jose,Santa Ana         ,Uruca, 5 548,59.7,58.1,2.6,40.3,1.2,2.9,17.1,80
San Jose,Santa Ana         ,Piedades          , 6 434,58.8,57.4,2.3,41.2,1.1,3.3,18.2,78.5
San Jose,Santa Ana         ,Brasil            , 1 975,61.7,60.9,1.3,38.3,1.1,2.6,19.5,77.9
San Jose,Alajuelita,Alajuelita, 9 282,58.1,56.1,3.4,41.9,1.2,0.4,17.5,82.1
San Jose,Alajuelita,San Josecito      , 7 779,57,55.6,2.5,43,1.4,1,21.1,77.9
San Jose,Alajuelita,San Antonio       , 3 423,56.8,54.9,3.3,43.2,1.4,4,22.3,73.7
San Jose,Alajuelita,Concepción        , 13 829,55.9,53.2,4.9,44.1,1.4,0.3,23.5,76.2
San Jose,Alajuelita,San Felipe        , 22 391,54.7,52.7,3.8,45.3,1.6,0.6,24.9,74.5
San Jose,Vasquez de Coronado,San Isidro        , 13 338,59.6,58.1,2.6,40.4,1.1,1.1,14.6,84.2
San Jose,Vasquez de Coronado,San Rafael        , 5 553,56.7,55,3,43.3,1.2,5.5,18.3,76.1
San Jose,Vasquez de Coronado,Dulce Nombre de Jesús, 7 574,57.6,55.2,4,42.4,1.2,2.4,18,79.6
San Jose,Vasquez de Coronado,Patalillo         , 16 175,59.4,57.8,2.7,40.6,1.1,0.4,15.1,84.4
San Jose,Vasquez de Coronado,Cascajal          , 5 057,55.3,53,4.1,44.7,1.4,6.7,18.7,74.6
San Jose,Acosta,San Ignacio       , 6 862,52,50.8,2.1,48,1.5,13.6,12.4,74
San Jose,Acosta,Guaitil           , 1 846,47.1,46,2.3,52.9,1.8,42.8,7.8,49.4
San Jose,Acosta,Palmichal         , 3 421,51.3,50.2,2.2,48.7,1.6,27.1,12.5,60.4
San Jose,Acosta,Cangrejal         , 1 400,43.1,42.3,1.8,56.9,2.1,73,3.4,23.6
San Jose,Acosta,Sabanillas        , 1 741,44.5,43.9,1.4,55.5,2,68.5,6.2,25.4
San Jose,Tibás,San Juan          , 18 346,56.4,54.8,2.8,43.6,1.1,1,13.7,85.3
San Jose,Tibás,Cinco Esquinas    , 4 478,58.2,55.4,4.8,41.8,1.3,0.6,23.8,75.5
San Jose,Tibás,Anselmo Llorente  , 8 475,55.9,54.4,2.7,44.1,1.1,1.3,13.5,85.3
San Jose,Tibás,León XIII     , 9 881,50.2,47.7,5.1,49.8,1.8,0.5,25.9,73.6
San Jose,Tibás,Colima            , 11 014,59.8,57.7,3.5,40.2,1.1,0.6,15.9,83.5
San Jose,Moravia,San Vicente       , 25 728,58.1,56.3,3.1,41.9,1.1,1.1,13.3,85.6
San Jose,Moravia,San Jerónimo      , 4 669,56.7,55.1,2.9,43.3,1.3,8.3,22.4,69.3
San Jose,Moravia,La Trinidad       , 15 047,60.3,58.3,3.3,39.7,1.2,1,18.8,80.2
San Jose,Montes de Oca,San Pedro         , 20 841,57.4,55.9,2.6,42.6,1,1,10.9,88.1
San Jose,Montes de Oca,Sabanilla         , 9 074,60.5,58.8,2.9,39.5,1,0.9,11.5,87.6
San Jose,Montes de Oca,Mercedes, 4 056,57.8,56.6,2,42.2,1,1.1,9.2,89.7
San Jose,Montes de Oca,San Rafael        , 7 590,60.9,58.4,4.2,39.1,1.1,1.9,19,79.1
San Jose,Turrubares,San Pablo         , 1 027,46.3,45.1,2.7,53.7,1.9,16,15.8,68.3
San Jose,Turrubares,San Pedro         ,520,48.8,47.3,3.1,51.2,1.5,25.6,17.9,56.5
San Jose,Turrubares,San Juan de Mata  ,885,50.3,46.6,7.4,49.7,1.7,31.1,14.3,54.6
San Jose,Turrubares,San Luis          ,397,43.6,42.1,3.5,56.4,2,47.9,8.4,43.7
San Jose,Turrubares,Carara, 1 304,49.3,48,2.6,50.7,1.8,45.8,8.9,45.2
San Jose,Dota,Santa María       , 3 461,49.6,48.3,2.6,50.4,1.7,34.4,11.5,54.1
San Jose,Dota,Jardín            ,386,53.9,53.9,-,46.1,1.5,51,14.4,34.6
San Jose,Dota,Copey            , 1 317,54.7,54.5,0.4,45.3,1.5,69.5,6.7,23.8
San Jose,Curridabat,Curridabat        , 24 057,57.9,56.3,2.8,42.1,1.1,1.2,14.6,84.2
San Jose,Curridabat,Granadilla        , 11 665,60,58.1,3.1,40,1.1,1.5,18.3,80.2
San Jose,Curridabat,Sánchez           , 4 367,64.3,63.3,1.6,35.7,0.9,2.9,12.2,84.9
San Jose,Curridabat,Tirrases          , 11 827,57.6,55.4,3.9,42.4,1.4,0.9,24.7,74.4
San Jose,Pérez Zeledón,San Isidro de El General, 33 748,51.3,49.3,3.8,48.7,1.6,9.7,14,76.3
San Jose,Pérez Zeledón,El General        , 4 651,45.5,43.7,3.9,54.5,2,32.6,15.4,52.1
San Jose,Pérez Zeledón,Daniel Flores     , 24 565,49.3,47.5,3.7,50.7,1.8,10.5,16,73.5
San Jose,Pérez Zeledón,Rivas            , 4 852,47.4,46.1,2.7,52.6,1.9,53.2,8.9,37.9
San Jose,Pérez Zeledón,San Pedro         , 6 317,42.2,40.8,3.4,57.8,2.4,62,7.7,30.3
San Jose,Pérez Zeledón,Platanares        , 5 175,44.3,43.4,2.1,55.7,2.1,51.4,13,35.6
San Jose,Pérez Zeledón,Pejibaye          , 5 749,44.1,43.5,1.2,55.9,2.2,67.4,7.3,25.3
San Jose,Pérez Zeledón,Cajón  , 6 007,41.4,39.4,4.9,58.6,2.4,54.6,9.4,36
San Jose,Pérez Zeledón,Barú             , 1 755,47.7,46.4,2.9,52.3,1.9,42,15.7,42.3
San Jose,Pérez Zeledón,Río Nuevo         , 2 166,46.1,45.7,0.9,53.9,2.1,59.9,10.2,29.9
San Jose,Pérez Zeledón,Páramo            , 3 201,47.3,46.3,2.2,52.7,1.9,51.2,12.6,36.2
San Jose,León Cortés Castro,San Pablo         , 3 123,47.7,46.3,2.9,52.3,1.8,31.5,11.6,56.8
San Jose,León Cortés Castro,San Andrés        , 1 174,46.1,44.8,2.8,53.9,1.9,63.5,4.4,32.1
San Jose,León Cortés Castro,Llano Bonito      , 1 552,44.3,43.2,2.5,55.7,2.1,71.8,5.1,23.1
San Jose,León Cortés Castro,San Isidro        , 1 123,44.5,42.7,4,55.5,2.1,63.8,7.7,28.5
San Jose,León Cortés Castro,Santa Cruz        , 1 271,51.9,51.7,0.5,48.1,1.5,49.8,26.5,23.7
San Jose,León Cortés Castro,San Antonio       ,841,48.5,47.8,1.5,51.5,1.7,63.2,6,30.8
Alajuela,Alajuela,Alajuela          , 34 485,55.1,53.4,3.1,44.9,1.3,1.6,20.9,77.5
Alajuela,Alajuela,San José          , 32 052,56.7,54.7,3.5,43.3,1.3,2,25.5,72.6
Alajuela,Alajuela,Carrizal          , 5 077,57,54.9,3.8,43,1.4,14.9,21.7,63.5
Alajuela,Alajuela,San Antonio       , 19 002,57.2,55.1,3.8,42.8,1.3,3.2,34.2,62.6
Alajuela,Alajuela,Guácima           , 14 959,55.7,54.1,2.9,44.3,1.4,8.6,34.2,57.2
Alajuela,Alajuela,San Isidro        , 12 938,54.9,52.7,4.1,45.1,1.4,13.4,22.3,64.3
Alajuela,Alajuela,Sabanilla         , 6 557,53.3,51.7,2.9,46.7,1.6,29.1,20.3,50.7
Alajuela,Alajuela,San Rafael        , 20 137,56.5,53.7,4.9,43.5,1.3,4.4,36.5,59
Alajuela,Alajuela,Río Segundo       , 8 382,56.3,54.2,3.8,43.7,1.3,1.8,25.7,72.5
Alajuela,Alajuela,Desamparados      , 19 768,57.1,55,3.7,42.9,1.3,2.7,24.8,72.5
Alajuela,Alajuela,Turrúcares        , 5 772,52.7,51.4,2.3,47.3,1.5,13.9,20.5,65.6
Alajuela,Alajuela,Tambor            , 8 180,53.5,52,2.7,46.5,1.5,8.9,29.3,61.8
Alajuela,Alajuela,Garita          , 5 619,55.3,53.7,2.9,44.7,1.3,9.8,22.1,68
Alajuela,Alajuela,Sarapiquí         , 2 075,51.8,51.2,1.1,48.2,1.6,21.8,28.5,49.7
Alajuela,San Ramón,San Ramón         , 7 220,51,49.7,2.5,49,1.4,2.6,14.3,83.1
Alajuela,San Ramón,Santiago          , 3 340,52.8,51.3,3,47.2,1.6,23.7,20,56.4
Alajuela,San Ramón,San Juan          , 8 957,50.9,49,3.8,49.1,1.6,5.6,20.8,73.6
Alajuela,San Ramón,Piedades Norte    , 6 213,49.8,48.7,2.3,50.2,1.6,15.6,17.7,66.7
Alajuela,San Ramón,Piedades Sur      , 2 844,48.2,47.5,1.5,51.8,1.7,47,15.8,37.1
Alajuela,San Ramón,San Rafael        , 7 256,51.4,49.9,3,48.6,1.5,12.1,17.2,70.7
Alajuela,San Ramón,San Isidro        , 3 388,50.8,50.1,1.5,49.2,1.6,10.3,22.9,66.9
Alajuela,San Ramón,Ángeles           , 6 180,49.4,47.5,3.9,50.6,1.8,24.7,16.5,58.8
Alajuela,San Ramón,Alfaro            , 5 472,51,49.7,2.5,49,1.6,9.5,19.7,70.8
Alajuela,San Ramón,Volio            , 1 731,53.7,51.7,3.8,46.3,1.4,24.8,20.9,54.3
Alajuela,San Ramón,Concepción        , 1 787,46.9,45.3,3.5,53.1,1.8,32.3,18.5,49.2
Alajuela,San Ramón,Zapotal           ,300,57.3,57,0.6,42.7,1.3,69,19.3,11.7
Alajuela,San Ramón,Peñas Blancas , 6 396,54.3,52.5,3.3,45.7,1.7,31.5,13.9,54.5
Alajuela,Grecia,Grecia            , 12 069,55.3,53.8,2.7,44.7,1.2,2.6,22.9,74.4
Alajuela,Grecia,San Isidro        , 4 591,53.1,51.5,3.1,46.9,1.4,11.8,29.1,59
Alajuela,Grecia,San José          , 6 064,53.7,52.5,2.3,46.3,1.5,13.1,27,60
Alajuela,Grecia,San Roque         , 8 512,53.3,52.1,2.4,46.7,1.5,8.1,26.7,65.2
Alajuela,Grecia,Tacares           , 6 013,54.4,52.9,2.7,45.6,1.4,24.7,21.6,53.7
Alajuela,Grecia,Río Cuarto        , 7 521,54,52.5,2.8,46,1.7,51.2,12.9,35.9
Alajuela,Grecia,Puente de Piedra  , 7 920,52.6,50.7,3.6,47.4,1.5,9.7,36.4,53.8
Alajuela,Grecia,Bolívar           , 5 492,52.3,50.4,3.5,47.7,1.5,14.6,29.5,55.9
Alajuela,San Mateo,San Mateo         , 2 103,47.1,46.3,1.8,52.9,1.7,20.8,9.2,70
Alajuela,San Mateo,Desmonte          ,812,42.1,41.6,1.2,57.9,2.1,40.8,13.6,45.6
Alajuela,San Mateo,Jesús María       , 1 804,43.1,41.7,3.2,56.9,2.1,42.4,9.8,47.8
Alajuela,Atenas            ,Atenas            , 6 113,52.4,51.2,2.2,47.6,1.4,5.2,15.8,79
Alajuela,Atenas            ,Jesús            , 2 834,52.1,50.8,2.5,47.9,1.5,14.5,20.8,64.8
Alajuela,Atenas            ,Mercedes          , 2 427,51.3,50,2.5,48.7,1.5,11.4,22.2,66.3
Alajuela,Atenas            ,San Isidro        , 2 155,48.5,47.7,1.6,51.5,1.7,29.5,20.3,50.2
Alajuela,Atenas            ,Concepción        , 2 732,47.7,47,1.5,52.3,1.7,7.9,24,68.1
Alajuela,Atenas            ,San José          , 1 499,50.6,49.4,2.2,49.4,1.6,19.2,19.6,61.3
Alajuela,Atenas            ,Santa Eulalia     , 1 588,53.5,52.5,1.9,46.5,1.4,21.2,21.3,57.4
Alajuela,Atenas            ,Escobal,658,41.3,40.1,2.9,58.7,2.1,15.2,33.3,51.5
Alajuela,Naranjo,Naranjo           , 12 353,50.9,49.4,3,49.1,1.5,8.7,25,66.3
Alajuela,Naranjo,San Miguel        , 3 375,52.2,51.2,1.9,47.8,1.6,14.3,32.8,52.9
Alajuela,Naranjo,San José          , 2 415,49.4,48.3,2.2,50.6,1.7,37.2,16.6,46.2
Alajuela,Naranjo,Cirrí Sur         , 3 430,50.9,49.9,2,49.1,1.6,26.5,22.5,51
Alajuela,Naranjo,San Jerónimo      , 2 388,49.1,47.2,3.9,50.9,1.8,21.9,26.4,51.7
Alajuela,Naranjo,San Juan          , 2 356,53.4,51.4,3.7,46.6,1.5,22.9,20.8,56.4
Alajuela,Naranjo,El Rosario        , 2 716,51.6,50.5,2.1,48.4,1.7,16.3,34.4,49.3
Alajuela,Naranjo,Palmitos, 3 269,48,46.6,2.9,52,1.7,20.9,22.6,56.5
Alajuela,Palmares,Palmares          , 2 986,50.5,49.3,2.5,49.5,1.4,4.1,19.6,76.4
Alajuela,Palmares,Zaragoza          , 6 444,51.3,49.6,3.2,48.7,1.5,11,21.3,67.7
Alajuela,Palmares,Buenos Aires      , 5 897,53.5,51.9,2.9,46.5,1.4,6.9,23.5,69.7
Alajuela,Palmares,Santiago          , 2 145,48.9,47.6,2.5,51.1,1.6,21.1,23.2,55.7
Alajuela,Palmares,Candelaria        , 1 509,52.2,49.8,4.7,47.8,1.5,17.3,23.2,59.5
Alajuela,Palmares,Esquipulas        , 4 867,52.9,51.1,3.4,47.1,1.6,9.6,29.2,61.2
Alajuela,Palmares,La Granja         , 3 184,50.7,48.9,3.5,49.3,1.6,4.7,25.6,69.7
Alajuela,Poás,San Pedro         , 5 851,53.3,51.2,3.9,46.7,1.4,11.4,22.1,66.6
Alajuela,Poás,San Juan          , 3 499,53.2,51.8,2.8,46.8,1.5,21.3,21.7,57
Alajuela,Poás,San Rafael        , 4 104,53.9,52,3.5,46.1,1.5,23.7,24.2,52.1
Alajuela,Poás,Carrillos         , 6 808,52.8,50.9,3.7,47.2,1.6,6.5,30.6,63
Alajuela,Poás,Sabana Redonda    , 1 664,51.9,49.9,3.8,48.1,1.7,53.7,12.5,33.7
Alajuela,Orotina           ,Orotina           , 7 409,51,49.8,2.3,49,1.6,6.3,13,80.7
Alajuela,Orotina           ,El Mastate        , 1 346,47.2,45.5,3.6,52.8,1.9,5.6,19.1,75.3
Alajuela,Orotina           ,Hacienda Vieja    ,813,51.9,50.8,2.1,48.1,1.4,16.2,13.3,70.5
Alajuela,Orotina           ,Coyolar           , 4 188,44.6,43.1,3.3,55.4,2.2,13.2,17.4,69.4
Alajuela,Orotina           ,La Ceiba          , 1 381,43.4,42.1,3,56.6,2.2,22.2,24.4,53.4
Alajuela,San Carlos,Quesada           , 31 319,57,55.6,2.5,43,1.4,5.7,16.4,78
Alajuela,San Carlos,Florencia         , 11 116,51,49.8,2.3,49,1.7,20.4,17.8,61.7
Alajuela,San Carlos,Buenavista        ,222,52.7,52.3,0.9,47.3,1.8,62.1,18.1,19.8
Alajuela,San Carlos,Aguas Zarcas      , 14 116,53.7,51.8,3.4,46.3,1.7,24.8,16.4,58.8
Alajuela,San Carlos,Venecia           , 6 754,53.1,51.4,3.2,46.9,1.7,25.1,15.2,59.7
Alajuela,San Carlos,Pital            , 12 124,56.3,54.8,2.5,43.7,1.5,52.3,10.1,37.7
Alajuela,San Carlos,La Fortuna        , 10 769,62.3,60.8,2.5,37.7,1.3,17.5,10.2,72.3
Alajuela,San Carlos,La Tigra          , 4 540,48.8,47.7,2.3,51.2,1.9,43.7,9.3,47
Alajuela,San Carlos,La Palmera        , 4 663,47.7,46.1,3.4,52.3,1.8,22.8,24.6,52.6
Alajuela,San Carlos,Venado            , 1 266,55,53.4,2.9,45,1.5,48.2,17.3,34.5
Alajuela,San Carlos,Cutris            , 6 974,51.1,49.1,4,48.9,1.9,58.3,12.4,29.3
Alajuela,San Carlos,Monterrey         , 2 482,53.1,52,2,46.9,1.6,38.4,17,44.6
Alajuela,San Carlos,Pocosol           , 10 471,47.1,45.6,3,52.9,2.1,48,15.6,36.4
Alajuela,Zarcero,Zarcero           , 3 151,50.7,50.4,0.6,49.3,1.5,21,17.3,61.7
Alajuela,Zarcero,Laguna            , 1 287,58.3,57.6,1.2,41.7,1.2,31.2,21.1,47.8
Alajuela,Zarcero,Tapesco           ,952,59.6,59,0.9,40.4,1.3,43.1,10.9,46.1
Alajuela,Zarcero,Guadalupe         ,853,53,52.1,1.8,47,1.5,45.3,18.5,36.3
Alajuela,Zarcero,Palmira           ,997,59.3,58.9,0.7,40.7,1.3,71,9.7,19.3
Alajuela,Zarcero,Zapote            ,535,54.8,54.2,1,45.2,1.5,61.4,7.6,31
Alajuela,Zarcero,Brisas          , 1 474,55.6,55.1,0.9,44.4,1.4,47.7,17.1,35.2
Alajuela,Valverde Vega,Sarchí Norte      , 5 406,50.6,49.4,2.3,49.4,1.6,14.2,25.7,60.1
Alajuela,Valverde Vega,Sarchí Sur        , 3 915,52.1,50.2,3.6,47.9,1.5,8.8,31.3,59.9
Alajuela,Valverde Vega,Toro Amarillo     ,209,61.2,58.9,3.9,38.8,1.1,30.9,9.8,59.3
Alajuela,Valverde Vega,San Pedro         , 2 554,48.4,47.2,2.5,51.6,1.8,28.9,23.2,47.9
Alajuela,Valverde Vega,Rodríguez         , 1 561,50.4,47.8,5.2,49.6,1.7,27.6,22.7,49.7
Alajuela,Upala,Upala            , 11 221,49,47.6,2.9,51,1.9,31.7,9.5,58.8
Alajuela,Upala,Aguas Claras      , 3 497,44,42.5,3.4,56,2.2,46.1,9.4,44.5
Alajuela,Upala,San José o Pizote , 4 944,40.9,40.2,1.7,59.1,2.6,62.4,5,32.6
Alajuela,Upala,Bijagua           , 3 308,46.6,45.8,1.8,53.4,1.9,39.6,12.2,48.2
Alajuela,Upala,Delicias          , 2 993,43.2,42.7,1.2,56.8,2.5,59,7.1,33.9
Alajuela,Upala,Dos Ríos          , 2 095,39.6,38.2,3.5,60.4,2.8,62.2,10.6,27.2
Alajuela,Upala,Yolillal          , 2 246,39.6,38.6,2.7,60.4,2.7,59.4,9.5,31.2
Alajuela,Los Chiles,Los Chiles        , 8 858,48.7,46.3,4.9,51.3,2.1,46.9,7.8,45.3
Alajuela,Los Chiles,Caño Negro        , 1 299,42.9,42.7,0.4,57.1,2.2,61.1,6.8,32.1
Alajuela,Los Chiles,El Amparo         , 4 133,47.2,46,2.4,52.8,2.1,62,9.5,28.5
Alajuela,Los Chiles,San Jorge         , 1 905,45.8,43.9,4.2,54.2,2.1,70.8,5.7,23.4
Alajuela,Guatuso,San Rafael        , 5 550,46.8,45,3.9,53.2,2.1,37.6,11.6,50.8
Alajuela,Guatuso,Buenavista        , 1 136,41.7,41.1,1.5,58.3,2.3,69.4,6.2,24.4
Alajuela,Guatuso,Cote             ,646,40.7,39.8,2.3,59.3,2.3,53.7,15.6,30.7
Alajuela,Guatuso,Katira, 3 640,47.4,46.5,1.9,52.6,2,60.3,7.4,32.2
Cartago,Cartago,Oriental          , 10 401,49.4,47.8,3.1,50.6,1.4,2.6,15.5,81.9
Cartago,Cartago,Occidental        , 8 363,52,50.7,2.6,48,1.3,2,16.9,81.1
Cartago,Cartago,Carmen          , 13 726,53.7,52.1,3,46.3,1.4,3.7,23.7,72.7
Cartago,Cartago,San Nicolás       , 19 353,53,51,3.8,47,1.5,4.2,27.8,68
Cartago,Cartago,Aguacaliente o San Francisco, 23 815,54.6,52.3,4.1,45.4,1.4,4.5,27.5,67.9
Cartago,Cartago,Guadalupe o Arenilla, 11 259,53.5,51.7,3.2,46.5,1.4,3.7,28,68.4
Cartago,Cartago,Corralillo        , 8 210,50.7,49.5,2.3,49.3,1.6,31.8,17.4,50.8
Cartago,Cartago,Tierra Blanca     , 3 794,51.4,50.8,1.2,48.6,1.6,53.5,14.2,32.3
Cartago,Cartago,Dulce Nombre      , 7 958,56.6,54.9,2.9,43.4,1.3,8.2,21.6,70.1
Cartago,Cartago,Llano Grande      , 3 219,57.7,56.9,1.2,42.3,1.3,64.5,8.5,27
Cartago,Cartago,Quebradilla       , 3 874,51.5,49.2,4.5,48.5,1.7,24.1,28.9,47
Cartago,Paraíso,Paraíso           , 16 085,53.4,51.5,3.6,46.6,1.4,10.7,21.6,67.7
Cartago,Paraíso,Santiago          , 4 012,52,50.6,2.6,48,1.7,51.7,13.2,35.1
Cartago,Paraíso,Orosi            , 6 861,47.3,45.9,3,52.7,1.8,19.9,19.3,60.8
Cartago,Paraíso,Cachí            , 4 145,48.2,46.4,3.7,51.8,1.7,28.4,16.4,55.2
Cartago,Paraíso,Llanos de Santa Lucía, 12 215,52.3,49.9,4.5,47.7,1.7,7.4,31.5,61.1
Cartago,La Unión,Tres Ríos         , 7 778,55.8,54.3,2.7,44.2,1.1,0.9,15.2,83.9
Cartago,La Unión,San Diego         , 16 258,60.4,58,3.9,39.6,1.2,1.3,21.2,77.5
Cartago,La Unión,San Juan          , 10 699,65.8,64.1,2.7,34.2,0.9,1,13.1,85.9
Cartago,La Unión,San Rafael        , 10 598,58,55.9,3.7,42,1.3,2,21.8,76.2
Cartago,La Unión,Concepción        , 12 376,59.1,57,3.6,40.9,1.3,2.7,20.8,76.5
Cartago,La Unión,Dulce Nombre      , 5 664,56.9,54.7,3.8,43.1,1.4,4,23.7,72.3
Cartago,La Unión,San Ramón         , 3 209,57.6,56.6,1.7,42.4,1.2,3,15.3,81.7
Cartago,La Unión,Río Azul          , 8 447,55.9,53.8,3.7,44.1,1.5,1.9,28.5,69.6
Cartago,Jiménez,Juan Viñas        , 5 138,50.4,49.2,2.3,49.6,1.5,30.9,19,50.1
Cartago,Jiménez,Tucurrique        , 3 549,44.4,42.9,3.5,55.6,2.1,36.5,15,48.5
Cartago,Jiménez,Pejibaye          , 2 486,44,42.8,2.7,56,2,31.4,12.2,56.3
Cartago,Turrialba,Turrialba         , 20 963,49.5,48.1,2.7,50.5,1.6,8.6,15.6,75.8
Cartago,Turrialba,La Suiza          , 5 833,45.4,43.4,4.2,54.6,1.9,23.4,15.9,60.6
Cartago,Turrialba,Peralta           ,383,46,44.9,2.3,54,1.9,57.6,16.3,26.2
Cartago,Turrialba,Santa Cruz        , 2 438,50.5,49.2,2.4,49.5,1.6,36.8,28.4,34.8
Cartago,Turrialba,Santa Teresita    , 3 569,42.3,41.1,2.8,57.7,2.1,45.5,17.9,36.6
Cartago,Turrialba,Pavones           , 3 304,47.2,45.5,3.5,52.8,1.8,31.8,15.1,53.1
Cartago,Turrialba,Tuis             , 2 156,43.5,42.1,3.2,56.5,2,33.5,18,48.5
Cartago,Turrialba,Tayutic           , 1 728,44.7,43.6,2.3,55.3,2.1,37.4,19.5,43.1
Cartago,Turrialba,Santa Rosa        , 4 071,48.1,47,2.4,51.9,1.7,15.8,18.1,66.1
Cartago,Turrialba,Tres Equis        , 1 337,51.7,51.1,1.2,48.3,1.6,56.2,8.8,35
Cartago,Turrialba,La Isabel, 4 610,49,47.3,3.6,51,1.7,12,22.1,65.9
Cartago,Turrialba,Chirripó, 2 298,39.3,37.7,4.1,60.7,3.6,71.4,6.8,21.8
Cartago,Alvarado,Pacayas           , 4 227,52.9,52.1,1.5,47.1,1.5,52.2,12.4,35.4
Cartago,Alvarado,Cervantes         , 4 609,52.9,52,1.7,47.1,1.6,31.8,17.9,50.3
Cartago,Alvarado,Capellades        , 1 860,53.8,53.2,1,46.2,1.5,52.4,10.5,37.1
Cartago,Oreamuno,San Rafael        , 20 892,54.4,52.5,3.5,45.6,1.4,5.9,22.3,71.8
Cartago,Oreamuno,Cot             , 6 853,51.6,50.5,2.3,48.4,1.7,36,21,43
Cartago,Oreamuno,Potrero Cerrado   , 1 672,51.9,51.5,0.8,48.1,1.6,53,15.7,31.4
Cartago,Oreamuno,Cipreses          , 2 734,56,55.1,1.5,44,1.4,41.4,15.9,42.7
Cartago,Oreamuno,Santa Rosa        , 1 959,55.7,55.4,0.5,44.3,1.4,56.8,8.2,35
Cartago,El Guarco,El Tejar          , 18 976,56.8,55,3.2,43.2,1.3,4.5,26.5,69
Cartago,El Guarco,San Isidro        , 7 222,52.6,50.6,3.7,47.4,1.6,22.9,31.9,45.2
Cartago,El Guarco,Tobosi            , 4 780,52.4,50.8,3.1,47.6,1.6,24.6,34.8,40.6
Cartago,El Guarco,Patio de Agua     ,314,55.4,50.6,8.6,44.6,1.4,75.5,10.1,14.5
Heredia,Heredia,Heredia           , 16 071,53.5,51.9,3,46.5,1.2,0.9,15.5,83.7
Heredia,Heredia,Mercedes          , 20 531,60,58.3,2.9,40,1.1,1,16.9,82
Heredia,Heredia,San Francisco     , 37 385,59,57,3.4,41,1.2,0.8,26.4,72.8
Heredia,Heredia,Ulloa            , 22 374,61.6,59.6,3.2,38.4,1.1,1,27.8,71.2
Heredia,Heredia,Varablanca,527,61.7,61.1,0.9,38.3,1.2,53.4,13.4,33.2
Heredia,Barva            ,Barva            , 4 063,56.2,55.4,1.4,43.8,1.2,0.6,16.7,82.7
Heredia,Barva            ,San Pedro         , 7 590,54.9,53.4,2.8,45.1,1.4,3.6,22.9,73.5
Heredia,Barva            ,San Pablo         , 6 409,57.1,55.6,2.6,42.9,1.3,4.2,21.6,74.3
Heredia,Barva            ,San Roque         , 3 599,61.2,60,1.9,38.8,1.1,1,17.1,81.9
Heredia,Barva            ,Santa Lucía       , 5 859,59.7,58.4,2.3,40.3,1.1,0.8,18.8,80.3
Heredia,Barva            ,San José de la Montaña, 4 055,60,58.4,2.7,40,1.2,13.5,16.5,70
Heredia,Santo Domingo,Santo Domingo     , 4 030,54,52.3,3.1,46,1.2,2,12.4,85.6
Heredia,Santo Domingo,San Vicente       , 5 216,54.8,53.5,2.5,45.2,1.2,1.7,14.2,84.1
Heredia,Santo Domingo,San Miguel        , 5 100,58,56.5,2.5,42,1.2,2.9,16.6,80.5
Heredia,Santo Domingo,Paracito          , 1 719,59,57.5,2.7,41,1.2,3.7,20.1,76.1
Heredia,Santo Domingo,Santo Tomás       , 5 013,57.6,56.1,2.7,42.4,1.2,2.1,16.2,81.6
Heredia,Santo Domingo,Santa Rosa        , 5 693,58.7,56.5,3.7,41.3,1.2,1.2,26.7,72.1
Heredia,Santo Domingo,Tures            , 2 657,57.1,55.2,3.3,42.9,1.3,5,20.4,74.6
Heredia,Santo Domingo,Pará            , 2 674,58.9,57.4,2.5,41.1,1.1,4.6,24,71.4
Heredia,Santa Bárbara,Santa Bárbara     , 4 681,56.7,55.3,2.4,43.3,1.2,2.3,22.2,75.5
Heredia,Santa Bárbara,San Pedro         , 4 174,56.4,53.9,4.5,43.6,1.4,6.8,23.3,69.9
Heredia,Santa Bárbara,San Juan          , 5 946,58,56.4,2.8,42,1.2,2.2,26.1,71.7
Heredia,Santa Bárbara,Jesús            , 7 209,56.2,54.8,2.3,43.8,1.4,7.4,25.2,67.4
Heredia,Santa Bárbara,Santo Domingo, 2 162,55.4,54.4,1.8,44.6,1.4,13.4,23.9,62.8
Heredia,Santa Bárbara,Purabá            , 3 523,54.6,53.3,2.4,45.4,1.4,8.6,25.2,66.2
Heredia,San Rafael,San Rafael        , 7 649,56.8,55.2,2.9,43.2,1.2,1.6,20.5,77.8
Heredia,San Rafael,San Josecito      , 8 996,58.1,56,3.6,41.9,1.2,0.7,24.5,74.7
Heredia,San Rafael,Santiago          , 6 471,60.3,58.3,3.3,39.7,1.2,0.8,21.8,77.5
Heredia,San Rafael,Ángeles           , 7 858,57.3,55.9,2.5,42.7,1.3,4.7,20.1,75.2
Heredia,San Rafael,Concepción        , 4 555,56.9,55.3,2.8,43.1,1.3,7,19.4,73.7
Heredia,San Isidro        ,San Isidro        , 4 880,60.1,58.8,2.3,39.9,1.1,2.2,19.1,78.7
Heredia,San Isidro        ,San José          , 5 750,59.5,58.2,2.1,40.5,1.2,5.9,15.5,78.7
Heredia,San Isidro        ,Concepción        , 2 074,59,57.9,1.9,41,1.2,7.4,16.7,75.9
Heredia,San Isidro        ,San Francisco     , 3 468,55,53.7,2.5,45,1.3,4.8,22.1,73.1
Heredia,Belén,San Antonio       , 8 002,58.1,56.9,2.1,41.9,1.1,2.3,26.3,71.4
Heredia,Belén,La Ribera         , 4 806,57.8,56.5,2.4,42.2,1.2,3.6,29.1,67.3
Heredia,Belén,La Asunción       , 4 661,59.8,58,3,40.2,1,3.8,21.2,75
Heredia,Flores,San Joaquín       , 5 717,60.1,58.4,2.9,39.9,1.1,1.7,22.5,75.8
Heredia,Flores,Barrantes         , 3 232,58.1,57.2,1.5,41.9,1.2,2.6,19.1,78.3
Heredia,Flores,Llorente          , 6 725,58.3,56.5,3.1,41.7,1.2,1.8,27.7,70.4
Heredia,San Pablo,San Pablo         , 15 318,58.4,56.8,2.7,41.6,1.2,1.5,18.1,80.3
Heredia,San Pablo,Rincón de Sabanilla, 6 605,58.8,56.9,3.1,41.2,1.1,0.7,16.7,82.6
Heredia,Sarapiquí,Puerto Viejo      , 13 420,53.4,51.4,3.8,46.6,1.8,52.5,7.2,40.3
Heredia,Sarapiquí,La Virgen         , 7 396,49.3,47.3,4.1,50.7,1.9,46.3,7.8,46
Heredia,Sarapiquí,Las Horquetas     , 17 185,48.6,47.2,2.8,51.4,1.9,42.6,12.7,44.7
Heredia,Sarapiquí,Llanuras del Gaspar,792,54.3,53.5,1.4,45.7,1.7,81.1,6.6,12.3
Heredia,Sarapiquí,Cureña            ,654,49.2,47.6,3.4,50.8,2,68.2,19.9,11.9
Guanacaste,Liberia,Liberia           , 38 674,52.8,50.1,5.1,47.2,1.6,6.4,13,80.6
Guanacaste,Liberia,Cañas Dulces      , 2 392,48.6,46.8,3.6,51.4,1.8,23.1,11.5,65.4
Guanacaste,Liberia,Mayorga           , 1 123,38.4,36.4,5.1,61.6,2.7,38.6,10.8,50.6
Guanacaste,Liberia,Nacascolo         , 1 571,50,48.1,3.9,50,1.9,17.2,13.2,69.5
Guanacaste,Liberia,Curubandé         , 1 820,51.7,50.6,2.1,48.3,1.7,15,11.3,73.7
Guanacaste,Nicoya,Nicoya            , 18 916,46.5,44.7,4,53.5,1.8,9.5,14.3,76.3
Guanacaste,Nicoya,Mansión           , 4 346,40.6,39.5,2.7,59.4,2.2,22.4,13,64.7
Guanacaste,Nicoya,San Antonio       , 5 286,33.5,32.2,3.8,66.5,2.8,36.7,11.3,51.9
Guanacaste,Nicoya,Quebrada Honda    , 1 978,36.4,34.8,4.3,63.6,2.5,37.6,12.8,49.6
Guanacaste,Nicoya,Sámara            , 2 612,49.8,48.5,2.6,50.2,1.7,19.7,13.2,67.1
Guanacaste,Nicoya,Nosara            , 3 516,54.4,52.8,3,45.6,1.6,14,19.9,66.2
Guanacaste,Nicoya,Belén de Nosarita , 1 971,31.2,30.2,3.1,68.8,3.4,35.2,13.1,51.7
Guanacaste,Santa Cruz,Santa Cruz        , 16 287,48.1,46.3,3.7,51.9,1.7,9.8,11.3,79
Guanacaste,Santa Cruz,Bolsón            , 1 264,36.2,34.8,3.7,63.8,2.6,45.7,13.6,40.7
Guanacaste,Santa Cruz,Veintisiete de Abril, 5 297,40.9,38.5,6,59.1,2.3,20.8,13.5,65.7
Guanacaste,Santa Cruz,Tempate           , 4 207,49.1,46.9,4.5,50.9,1.7,10.6,11.9,77.5
Guanacaste,Santa Cruz,Cartagena         , 2 940,41.9,40.2,4.1,58.1,2.1,7.3,7.3,85.4
Guanacaste,Santa Cruz,Cuajiniquil       , 1 307,42.6,41.7,2.2,57.4,2.2,30.8,9,60.2
Guanacaste,Santa Cruz,Diriá            , 3 024,44.2,41.7,5.7,55.8,1.9,18,10.5,71.6
Guanacaste,Santa Cruz,Cabo Velas        , 2 570,54,50.9,5.8,46,1.4,8.1,9.8,82.1
Guanacaste,Santa Cruz,Tamarindo         , 4 764,57.7,55,4.7,42.3,1.3,5.8,9.4,84.9
Guanacaste,Bagaces,Bagaces           , 8 769,46.4,44.3,4.5,53.6,2,33.3,13.1,53.6
Guanacaste,Bagaces,La Fortuna        , 2 060,44.7,43.8,2,55.3,2,17.4,8.4,74.2
Guanacaste,Bagaces,Mogote            , 2 427,46.7,45.4,2.7,53.3,2,22.6,13,64.5
Guanacaste,Bagaces,Río Naranjo       ,781,40.5,38.8,4.1,59.5,2.2,40.3,14.2,45.5
Guanacaste,Carrillo,Filadelfia        , 5 963,41.7,38.5,7.6,58.3,2.2,20.2,18.2,61.6
Guanacaste,Carrillo,Palmira           , 3 911,48.7,46,5.5,51.3,1.8,14.8,21.7,63.5
Guanacaste,Carrillo,Sardinal          , 10 919,49.8,47.4,4.9,50.2,1.7,10.3,12.7,77
Guanacaste,Carrillo,Belén            , 6 406,44,41.5,5.5,56,2.1,14.5,14.6,70.9
Guanacaste,Cañas,Cañas            , 15 046,50.4,48.8,3.1,49.6,1.7,18.3,12.8,68.9
Guanacaste,Cañas,Palmira           ,711,43.3,42.3,2.3,56.7,2.2,66.1,6.6,27.2
Guanacaste,Cañas,San Miguel        , 1 252,50.1,48.2,3.8,49.9,1.6,50.7,9.1,40.1
Guanacaste,Cañas,Bebedero          , 1 526,48.3,46.3,4.2,51.7,1.8,55.5,19.3,25.2
Guanacaste,Cañas,Porozal           ,491,46.6,45.4,2.6,53.4,1.9,53.4,17,29.6
Guanacaste,Abangares,Las Juntas        , 7 046,47,44.9,4.5,53,1.9,22.9,15,62
Guanacaste,Abangares,Sierra            , 1 742,53.8,52.1,3.2,46.2,1.5,42.4,10.4,47.2
Guanacaste,Abangares,San Juan          , 1 192,44.8,42.6,4.9,55.2,2,46.3,11.6,42.1
Guanacaste,Abangares,Colorado          , 3 343,44.7,41.8,6.6,55.3,2.1,34.3,30.1,35.6
Guanacaste,Tilarán,Tilarán           , 6 454,50.5,49,2.9,49.5,1.7,8,13.7,78.3
Guanacaste,Tilarán,Quebrada Grande   , 2 027,50.5,49.4,2.2,49.5,1.6,36.9,16,47.2
Guanacaste,Tilarán,Tronadora         , 1 359,45.2,44.4,1.8,54.8,1.9,25.5,16.1,58.4
Guanacaste,Tilarán,Santa Rosa        , 1 469,45.8,44,4,54.2,1.9,21.5,15.5,63
Guanacaste,Tilarán,Líbano            ,673,44.1,43.1,2.4,55.9,1.9,57.6,7.2,35.2
Guanacaste,Tilarán,Tierras Morenas   , 1 021,43.1,41.5,3.6,56.9,2.1,36.6,16,47.4
Guanacaste,Tilarán,Arenal            , 1 702,49.4,47.9,2.9,50.6,1.7,19.6,16.1,64.3
Guanacaste,Nandayure,Carmona           , 1 909,47,45.8,2.5,53,1.8,11.2,9.8,79
Guanacaste,Nandayure,Santa Rita        , 1 083,34.7,31.8,8.5,65.3,2.8,32.6,7.8,59.6
Guanacaste,Nandayure,Zapotal           ,926,42,40.3,4.1,58,2.1,50.9,10.2,38.9
Guanacaste,Nandayure,San Pablo         , 1 618,37.7,35.1,6.9,62.3,2.6,45.4,9,45.6
Guanacaste,Nandayure,Porvenir          ,592,43.1,41.9,2.7,56.9,1.9,51.6,11.3,37.1
Guanacaste,Nandayure,Bejuco            , 2 256,44.7,43,3.8,55.3,2,36.4,17,46.7
Guanacaste,La Cruz,La Cruz           , 6 431,47.4,45.5,4.1,52.6,2,17.7,8.9,73.4
Guanacaste,La Cruz,Santa Cecilia     , 4 134,44.3,42.9,3.2,55.7,2.4,60.1,11.4,28.5
Guanacaste,La Cruz,La Garita         , 1 116,40.2,38.9,3.3,59.8,2.8,61.8,8.1,30.2
Guanacaste,La Cruz,Santa Elena       , 1 425,43.2,42,2.8,56.8,2.3,46.8,8.4,44.8
Guanacaste,Hojancha,Hojancha          , 3 259,45,44.2,1.7,55,1.9,25.4,11.9,62.7
Guanacaste,Hojancha,Monte Romo,513,43.1,40.7,5.4,56.9,2,71.3,5.3,23.4
Guanacaste,Hojancha,Puerto Carrillo   , 1 201,42,40.8,3,58,2.1,25.1,15.9,59
Guanacaste,Hojancha,Huacas            ,548,40.7,40.5,0.4,59.3,2.2,63.1,13.1,23.9
Puntarenas,Puntarenas        ,Puntarenas        , 6 801,53.3,51.4,3.4,46.7,1.3,10,8.8,81.2
Puntarenas,Puntarenas        ,Pitahaya          , 1 515,46.9,45.6,2.8,53.1,2.1,63,12.6,24.5
Puntarenas,Puntarenas        ,Chomes            , 3 940,43.4,41.5,4.3,56.6,2.2,48.3,12.5,39.2
Puntarenas,Puntarenas        ,Lepanto           , 7 170,41.1,39.6,3.8,58.9,2.2,38.9,8.5,52.6
Puntarenas,Puntarenas        ,Paquera           , 4 875,43.9,42.7,2.8,56.1,2.1,27.2,9,63.8
Puntarenas,Puntarenas        ,Manzanillo        , 1 965,43.9,42.8,2.4,56.1,2.3,63.9,5.3,30.8
Puntarenas,Puntarenas        ,Guacimal          ,698,48.3,47.7,1.2,51.7,1.7,48.9,17.4,33.6
Puntarenas,Puntarenas        ,Barranca          , 21 866,47.4,45.3,4.6,52.6,2,7.1,22.5,70.4
Puntarenas,Puntarenas        ,Monte Verde       , 3 042,59.9,58.1,2.9,40.1,1.3,7.4,11.9,80.7
Puntarenas,Puntarenas        ,Cóbano            , 5 442,56.4,54.8,2.8,43.6,1.4,14.2,10.9,74.9
Puntarenas,Puntarenas        ,Chacarita         , 12 681,47.7,45.8,3.9,52.3,1.9,11.5,17.9,70.5
Puntarenas,Puntarenas        ,Chira        , 1 119,44.5,43.7,1.8,55.5,2.2,64.6,3.5,31.9
Puntarenas,Puntarenas        ,Acapulco          ,993,46.6,45.7,1.9,53.4,1.8,36.3,22.2,41.4
Puntarenas,Puntarenas        ,El Roble          , 11 589,49.7,47.7,4.1,50.3,1.7,5.4,21,73.6
Puntarenas,Puntarenas        ,Arancibia         ,514,38.9,38.7,0.5,61.1,2.3,83.9,2.5,13.6
Puntarenas,Esparza,Espíritu Santo    , 11 873,49.3,47.3,4,50.7,1.7,3.3,23.9,72.8
Puntarenas,Esparza,San Juan Grande   , 4 433,48.1,46.2,4,51.9,1.9,10.2,27.1,62.7
Puntarenas,Esparza,Macacona          , 3 497,52,50.8,2.4,48,1.6,5.6,21.8,72.6
Puntarenas,Esparza,San Rafael        , 1 020,49.6,48.4,2.4,50.4,1.6,23.7,16.4,59.9
Puntarenas,Esparza,San Jerónimo      ,590,48.3,47.8,1.1,51.7,1.6,47.5,18.1,34.4
Puntarenas,Buenos Aires,Buenos Aires      , 14 300,48.1,46.6,3.1,51.9,2.1,39.5,9.1,51.4
Puntarenas,Buenos Aires,Volcán            , 2 706,43.3,41.4,4.4,56.7,2.3,66.9,10,23.1
Puntarenas,Buenos Aires,Potrero Grande    , 3 882,39.3,37.1,5.8,60.7,2.9,61.6,7.4,31.1
Puntarenas,Buenos Aires,Boruca            , 2 118,41,39.8,3.1,59,2.5,51.7,17,31.4
Puntarenas,Buenos Aires,Pilas            , 1 124,43.9,43.8,0.2,56.1,2.4,86.4,2.2,11.4
Puntarenas,Buenos Aires,Colinas      ,983,52.9,52.8,0.2,47.1,1.6,84.2,1.2,14.6
Puntarenas,Buenos Aires,Chánguena         , 1 695,44.2,43.4,1.9,55.8,2.5,85.7,2.3,12
Puntarenas,Buenos Aires,Biolley           , 1 691,44.4,43.8,1.2,55.6,2.3,72.9,6.3,20.8
Puntarenas,Buenos Aires,Brunka            , 2 159,42.1,39.3,6.6,57.9,2.5,64.4,8.1,27.4
Puntarenas,Montes de Oro,Miramar           , 6 433,48.9,47.9,2,51.1,1.6,7.8,20.5,71.7
Puntarenas,Montes de Oro,La Unión          ,968,41.8,41.2,1.5,58.2,2.1,53.6,9.3,37.1
Puntarenas,Montes de Oro,San Isidro        , 2 494,46.7,44.3,5,53.3,1.9,15.1,21.4,63.5
Puntarenas,Osa,Puerto Cortés     , 5 834,47.5,46.2,2.8,52.5,1.9,15,16.4,68.6
Puntarenas,Osa,Palmar            , 7 146,48.8,47.1,3.4,51.2,1.8,28.5,12.9,58.6
Puntarenas,Osa,Sierpe            , 3 069,47.3,46.1,2.4,52.7,1.9,43.1,7.1,49.7
Puntarenas,Osa,Bahía Ballena     , 2 379,58.7,57.3,2.4,41.3,1.4,13.7,17.5,68.9
Puntarenas,Osa,Piedras Blancas   , 3 030,43.4,41.8,3.5,56.6,2.1,53.2,8.8,38.1
Puntarenas,Aguirre,Quepos            , 14 677,56.4,54,4.3,43.6,1.4,14.6,12.9,72.5
Puntarenas,Aguirre,Savegre           , 2 440,50.2,49.1,2.2,49.8,1.7,32.4,15.9,51.7
Puntarenas,Aguirre,Naranjito         , 2 687,51.4,49.2,4.3,48.6,1.7,18.4,13.2,68.5
Puntarenas,Golfito,Golfito           , 8 303,51.8,49.3,4.8,48.2,1.6,12.4,9.1,78.5
Puntarenas,Golfito,Puerto Jiménez    , 6 258,49.3,47.3,4.1,50.7,1.8,26.7,12,61.3
Puntarenas,Golfito,Guaycará          , 9 305,47.3,45.9,3,52.7,1.9,23.2,17.1,59.8
Puntarenas,Golfito,Pavón , 4 179,42.8,41.9,2.2,57.2,2.4,53.8,11.3,34.9
Puntarenas,Coto Brus,San Vito          , 10 550,45.7,44.6,2.3,54.3,2.1,30.3,9.9,59.7
Puntarenas,Coto Brus,Sabalito          , 7 534,45.8,45,1.6,54.2,2.2,52.7,7.8,39.6
Puntarenas,Coto Brus,Aguabuena         , 4 491,45.7,44,3.7,54.3,2.1,34.5,7.9,57.5
Puntarenas,Coto Brus,Limoncito         , 2 288,34.9,34.3,1.8,65.1,3.5,48.1,9.4,42.5
Puntarenas,Coto Brus,Pittier           , 1 885,44.6,43.9,1.7,55.4,2.3,78.1,7.3,14.6
Puntarenas,Parrita,Parrita           , 11 857,50.4,48.8,3.3,49.6,1.7,24.8,19,56.2
Puntarenas,Corredores,Corredor          , 12 377,52,50.7,2.5,48,1.7,23.1,15.8,61.1
Puntarenas,Corredores,La Cuesta         , 2 795,52.8,51.8,1.8,47.2,1.6,25.9,13.4,60.7
Puntarenas,Corredores,Canoas            , 7 973,49.1,48,2.3,50.9,1.9,18.2,13.1,68.7
Puntarenas,Corredores,Laurel            , 6 441,45.8,45.1,1.6,54.2,2.1,54.5,16,29.6
Puntarenas,Garabito,Jacó             , 8 280,62.5,60,4,37.5,1.3,4.5,14.7,80.8
Puntarenas,Garabito,Tárcoles          , 3 964,55.5,54,2.8,44.5,1.5,13.4,14.3,72.3
Limón,Limón,Limón, 43 765,50.8,48.1,5.3,49.2,1.7,3.9,14.3,81.8
Limón,Limón,Valle La Estrella , 11 338,42.9,41.3,3.8,57.1,2.7,68.2,5.8,26
Limón,Limón,Río Blanco        , 5 616,46.1,43.4,5.9,53.9,2.2,15.4,19.8,64.9
Limón,Limón,Matama            , 4 836,48.2,46,4.6,51.8,2.1,38.6,12.8,48.7
Limón,Pococí,Guápiles          , 26 647,54.8,53.1,3.1,45.2,1.5,11.7,16.1,72.2
Limón,Pococí,Jiménez           , 7 393,53.5,51.1,4.5,46.5,1.7,20.4,25.5,54.1
Limón,Pococí,Rita             , 17 063,47.7,45.1,5.5,52.3,2,58.1,9.8,32
Limón,Pococí,Roxana            , 11 761,51.1,48.7,4.6,48.9,1.8,64.2,8.6,27.2
Limón,Pococí,Cariari           , 24 123,48.5,45.8,5.7,51.5,1.9,43.5,10.2,46.2
Limón,Pococí,Colorado          , 2 743,54.7,53.6,2.1,45.3,1.7,41.6,6.3,52.1
Limón,Siquirres,Siquirres         , 22 430,51.2,49.3,3.8,48.8,1.8,40.2,8.8,51
Limón,Siquirres,Pacuarito         , 6 077,51.3,49.6,3.4,48.7,1.8,75.7,3.2,21.2
Limón,Siquirres,Florida           , 1 617,48.9,47.1,3.5,51.1,1.8,40.3,21,38.7
Limón,Siquirres,Germania          , 1 832,49.2,48.1,2.3,50.8,1.7,43.5,19.3,37.2
Limón,Siquirres,El Cairo          , 4 247,48.1,46.2,4,51.9,2,43.5,16.2,40.4
Limón,Siquirres,Alegría        , 3 971,50,48.3,3.3,50,1.9,27.1,16.9,56
Limón,Talamanca,Bratsi            , 4 756,47.6,46.7,1.9,52.4,2.2,45,6.8,48.2
Limón,Talamanca,Sixaola           , 5 558,51.2,49.8,2.6,48.8,2.1,66.1,3.9,30
Limón,Talamanca,Cahuita           , 5 686,52.3,49.9,4.7,47.7,1.8,17.1,12.2,70.8
Limón,Talamanca,Telire, 3 899,49.8,48.9,2,50.2,2.2,75.9,3.3,20.9
Limón,Matina,Matina            , 6 180,51.8,49,5.3,48.2,1.9,68.6,6.3,25
Limón,Matina,Batán            , 11 339,50.7,48.2,4.9,49.3,1.9,53.6,6.9,39.4
Limón,Matina,Carrandi          , 8 221,53.7,52,3,46.3,1.7,75.2,3.9,21
Limón,Guácimo,Guácimo           , 12 919,52.1,50.1,3.9,47.9,1.7,31.8,16.1,52.1
Limón,Guácimo,Mercedes          , 1 337,41.2,39.4,4.4,58.8,2.1,29.2,11,59.8
Limón,Guácimo,Pocora            , 4 631,49.9,47.6,4.6,50.1,1.8,42,12.7,45.2
Limón,Guácimo,Río Jiménez       , 6 077,48.6,46.8,3.8,51.4,2,71.5,5.5,23
Limón,Guácimo,Duacarí           , 4 095,50.9,48.6,4.5,49.1,1.9,79.5,5.7,14.8
